job_id,title,url,location,job_type,salary,total_fields,common_fields,unique_fields
mitigation-documentation-specialist-hr87436,Mitigation Documentation Specialist - (HR87436),https://saganrecruitment.com/job/mitigation-documentation-specialist-hr87436/,,,,16,Age|academic-level|cand_cover_letter|cand_woutreg_cv_file|candidate_apply_cover|gender|industry|job_id|pt_user_fname|pt_user_lname|salary|terms_cond_check|user_email|user_job_title|user_phone|user_salary,
recruiter-skilled-trades-hr71598,Recruiter – Skilled Trades - (HR71598),https://saganrecruitment.com/job/recruiter-skilled-trades-hr71598/,,,,16,Age|academic-level|cand_cover_letter|cand_woutreg_cv_file|candidate_apply_cover|gender|industry|job_id|pt_user_fname|pt_user_lname|salary|terms_cond_check|user_email|user_job_title|user_phone|user_salary,
corporate-controller-hr49489,Corporate Controller - (HR49489),https://saganrecruitment.com/job/corporate-controller-hr49489/,,,,16,Age|academic-level|cand_cover_letter|cand_woutreg_cv_file|candidate_apply_cover|gender|industry|job_id|pt_user_fname|pt_user_lname|salary|terms_cond_check|user_email|user_job_title|user_phone|user_salary,
paid-search-ppc-media-buyer-brazil-ap00021,Paid Search / PPC Media Buyer (Brazil) - (AP00021),https://saganrecruitment.com/job/paid-search-ppc-media-buyer-brazil-ap00021/,,,,16,Age|academic-level|cand_cover_letter|cand_woutreg_cv_file|candidate_apply_cover|gender|industry|job_id|pt_user_fname|pt_user_lname|salary|terms_cond_check|user_email|user_job_title|user_phone|user_salary,
paid-social-media-buyer-eastern-europe-ap00022,Paid Social Media Buyer (Eastern Europe) - (AP00022),https://saganrecruitment.com/job/paid-social-media-buyer-eastern-europe-ap00022/,,,,16,Age|academic-level|cand_cover_letter|cand_woutreg_cv_file|candidate_apply_cover|gender|industry|job_id|pt_user_fname|pt_user_lname|salary|terms_cond_check|user_email|user_job_title|user_phone|user_salary,
paid-search-ppc-media-buyer-eastern-europe-ap00023,Google Ads Specialist - (AP00023),https://saganrecruitment.com/job/paid-search-ppc-media-buyer-eastern-europe-ap00023/,,,,16,Age|academic-level|cand_cover_letter|cand_woutreg_cv_file|candidate_apply_cover|gender|industry|job_id|pt_user_fname|pt_user_lname|salary|terms_cond_check|user_email|user_job_title|user_phone|user_salary,
ppc-specialist-ppc-manager-ap00024,PPC Specialist / PPC Manager - (AP00024),https://saganrecruitment.com/job/ppc-specialist-ppc-manager-ap00024/,,,,16,Age|academic-level|cand_cover_letter|cand_woutreg_cv_file|candidate_apply_cover|gender|industry|job_id|pt_user_fname|pt_user_lname|salary|terms_cond_check|user_email|user_job_title|user_phone|user_salary,
google-ads-specialist-ap00025,Performance Marketing Manager - (AP00025),https://saganrecruitment.com/job/google-ads-specialist-ap00025/,,,,16,Age|academic-level|cand_cover_letter|cand_woutreg_cv_file|candidate_apply_cover|gender|industry|job_id|pt_user_fname|pt_user_lname|salary|terms_cond_check|user_email|user_job_title|user_phone|user_salary,
full-stack-product-engineer-ai-assisted-hr79517,Full-Stack Product Engineer (AI-Assisted) - (HR79517),https://saganrecruitment.com/job/full-stack-product-engineer-ai-assisted-hr79517/,,,,16,Age|academic-level|cand_cover_letter|cand_woutreg_cv_file|candidate_apply_cover|gender|industry|job_id|pt_user_fname|pt_user_lname|salary|terms_cond_check|user_email|user_job_title|user_phone|user_salary,
paid-social-media-buyer-brazil-ap00020,Paid Social Media Buyer (Brazil) - (AP00020),https://saganrecruitment.com/job/paid-social-media-buyer-brazil-ap00020/,,,,16,Age|academic-level|cand_cover_letter|cand_woutreg_cv_file|candidate_apply_cover|gender|industry|job_id|pt_user_fname|pt_user_lname|salary|terms_cond_check|user_email|user_job_title|user_phone|user_salary,
customer-service-upsell-specialist-ap00018,Customer Service & Upsell Specialist - (AP00018),https://saganrecruitment.com/job/customer-service-upsell-specialist-ap00018/,,,,16,Age|academic-level|cand_cover_letter|cand_woutreg_cv_file|candidate_apply_cover|gender|industry|job_id|pt_user_fname|pt_user_lname|salary|terms_cond_check|user_email|user_job_title|user_phone|user_salary,
cold-caller-outbound-sales-ap00019,Cold Caller (Outbound Sales) - (AP00019),https://saganrecruitment.com/job/cold-caller-outbound-sales-ap00019/,,,,16,Age|academic-level|cand_cover_letter|cand_woutreg_cv_file|candidate_apply_cover|gender|industry|job_id|pt_user_fname|pt_user_lname|salary|terms_cond_check|user_email|user_job_title|user_phone|user_salary,
sales-development-representative-sdr-ap00016,Sales Development Representative (SDR) - (AP00016),https://saganrecruitment.com/job/sales-development-representative-sdr-ap00016/,,,,16,Age|academic-level|cand_cover_letter|cand_woutreg_cv_file|candidate_apply_cover|gender|industry|job_id|pt_user_fname|pt_user_lname|salary|terms_cond_check|user_email|user_job_title|user_phone|user_salary,
business-development-representative-bdr-ap00017,Business Development Representative (BDR) - (AP00017),https://saganrecruitment.com/job/business-development-representative-bdr-ap00017/,,,,16,Age|academic-level|cand_cover_letter|cand_woutreg_cv_file|candidate_apply_cover|gender|industry|job_id|pt_user_fname|pt_user_lname|salary|terms_cond_check|user_email|user_job_title|user_phone|user_salary,
appointment-setter-ap00015,Appointment Setter - (AP00015),https://saganrecruitment.com/job/appointment-setter-ap00015/,,,,16,Age|academic-level|cand_cover_letter|cand_woutreg_cv_file|candidate_apply_cover|gender|industry|job_id|pt_user_fname|pt_user_lname|salary|terms_cond_check|user_email|user_job_title|user_phone|user_salary,
marketing-professionals-ap00012,Marketing Professionals - (AP00012),https://saganrecruitment.com/job/marketing-professionals-ap00012/,,,,16,Age|academic-level|cand_cover_letter|cand_woutreg_cv_file|candidate_apply_cover|gender|industry|job_id|pt_user_fname|pt_user_lname|salary|terms_cond_check|user_email|user_job_title|user_phone|user_salary,
paid-media-specialist-ads-manager-ai-native-agency-wg14196,Paid Media Specialist / Ads Manager (AI-Native Agency) - (WG14196),https://saganrecruitment.com/job/paid-media-specialist-ads-manager-ai-native-agency-wg14196/,,,,16,Age|academic-level|cand_cover_letter|cand_woutreg_cv_file|candidate_apply_cover|gender|industry|job_id|pt_user_fname|pt_user_lname|salary|terms_cond_check|user_email|user_job_title|user_phone|user_salary,
ma-strategy-presentation-analyst-wg14195,M&A Strategy & Presentation Analyst - (WG14195),https://saganrecruitment.com/job/ma-strategy-presentation-analyst-wg14195/,,,,16,Age|academic-level|cand_cover_letter|cand_woutreg_cv_file|candidate_apply_cover|gender|industry|job_id|pt_user_fname|pt_user_lname|salary|terms_cond_check|user_email|user_job_title|user_phone|user_salary,
remote-paralegal-litigation-discovery-hr74894,Remote Paralegal — Litigation & Discovery - (HR74894),https://saganrecruitment.com/job/remote-paralegal-litigation-discovery-hr74894/,,,,16,Age|academic-level|cand_cover_letter|cand_woutreg_cv_file|candidate_apply_cover|gender|industry|job_id|pt_user_fname|pt_user_lname|salary|terms_cond_check|user_email|user_job_title|user_phone|user_salary,
client-services-coordinator-hr81165,Client Services Coordinator - (HR81165),https://saganrecruitment.com/job/client-services-coordinator-hr81165/,,,,16,Age|academic-level|cand_cover_letter|cand_woutreg_cv_file|candidate_apply_cover|gender|industry|job_id|pt_user_fname|pt_user_lname|salary|terms_cond_check|user_email|user_job_title|user_phone|user_salary,
corporate-paralegal-hr41570,Corporate Paralegal - (HR41570),https://saganrecruitment.com/job/corporate-paralegal-hr41570/,,,,16,Age|academic-level|cand_cover_letter|cand_woutreg_cv_file|candidate_apply_cover|gender|industry|job_id|pt_user_fname|pt_user_lname|salary|terms_cond_check|user_email|user_job_title|user_phone|user_salary,
executive-assistant-hr73246,Executive Assistant - (HR73246),https://saganrecruitment.com/job/executive-assistant-hr73246/,,,,16,Age|academic-level|cand_cover_letter|cand_woutreg_cv_file|candidate_apply_cover|gender|industry|job_id|pt_user_fname|pt_user_lname|salary|terms_cond_check|user_email|user_job_title|user_phone|user_salary,
recruiter-hr60704,Recruiter - (HR60704),https://saganrecruitment.com/job/recruiter-hr60704/,,,,16,Age|academic-level|cand_cover_letter|cand_woutreg_cv_file|candidate_apply_cover|gender|industry|job_id|pt_user_fname|pt_user_lname|salary|terms_cond_check|user_email|user_job_title|user_phone|user_salary,
social-media-manager-ap00014,Social Media Manager - (AP00014),https://saganrecruitment.com/job/social-media-manager-ap00014/,,,,16,Age|academic-level|cand_cover_letter|cand_woutreg_cv_file|candidate_apply_cover|gender|industry|job_id|pt_user_fname|pt_user_lname|salary|terms_cond_check|user_email|user_job_title|user_phone|user_salary,
sales-professionals-ap00011,Sales Professionals - (AP00011),https://saganrecruitment.com/job/sales-professionals-ap00011/,,,,16,Age|academic-level|cand_cover_letter|cand_woutreg_cv_file|candidate_apply_cover|gender|industry|job_id|pt_user_fname|pt_user_lname|salary|terms_cond_check|user_email|user_job_title|user_phone|user_salary,
hr-recruitment-specialist-ap00008,HR & Recruitment Specialist - (AP00008),https://saganrecruitment.com/job/hr-recruitment-specialist-ap00008/,,,,16,Age|academic-level|cand_cover_letter|cand_woutreg_cv_file|candidate_apply_cover|gender|industry|job_id|pt_user_fname|pt_user_lname|salary|terms_cond_check|user_email|user_job_title|user_phone|user_salary,
legal-compliance-specialist-ap000009,Legal & Compliance Specialist - (AP00009),https://saganrecruitment.com/job/legal-compliance-specialist-ap000009/,,,,16,Age|academic-level|cand_cover_letter|cand_woutreg_cv_file|candidate_apply_cover|gender|industry|job_id|pt_user_fname|pt_user_lname|salary|terms_cond_check|user_email|user_job_title|user_phone|user_salary,
healthcare-support-specialist-ap00010,Healthcare Support Specialist - (AP00010),https://saganrecruitment.com/job/healthcare-support-specialist-ap00010/,,,,16,Age|academic-level|cand_cover_letter|cand_woutreg_cv_file|candidate_apply_cover|gender|industry|job_id|pt_user_fname|pt_user_lname|salary|terms_cond_check|user_email|user_job_title|user_phone|user_salary,
operations-coordinator-hr98651,Operations Coordinator - (HR98651),https://saganrecruitment.com/job/operations-coordinator-hr98651/,,,,16,Age|academic-level|cand_cover_letter|cand_woutreg_cv_file|candidate_apply_cover|gender|industry|job_id|pt_user_fname|pt_user_lname|salary|terms_cond_check|user_email|user_job_title|user_phone|user_salary,
senior-youtube-video-editor-long-form-educational-hr94028,Senior YouTube Video Editor (Long-Form & Educational) - (HR94028),https://saganrecruitment.com/job/senior-youtube-video-editor-long-form-educational-hr94028/,,,,16,Age|academic-level|cand_cover_letter|cand_woutreg_cv_file|candidate_apply_cover|gender|industry|job_id|pt_user_fname|pt_user_lname|salary|terms_cond_check|user_email|user_job_title|user_phone|user_salary,
client-service-associate-hr82813,Client Service Associate - (HR82813),https://saganrecruitment.com/job/client-service-associate-hr82813/,,,,16,Age|academic-level|cand_cover_letter|cand_woutreg_cv_file|candidate_apply_cover|gender|industry|job_id|pt_user_fname|pt_user_lname|salary|terms_cond_check|user_email|user_job_title|user_phone|user_salary,
onboarding-coordinator-hr57408,Onboarding Coordinator - (HR57408),https://saganrecruitment.com/job/onboarding-coordinator-hr57408/,,,,16,Age|academic-level|cand_cover_letter|cand_woutreg_cv_file|candidate_apply_cover|gender|industry|job_id|pt_user_fname|pt_user_lname|salary|terms_cond_check|user_email|user_job_title|user_phone|user_salary,
inbound-sales-representative-appointment-setter-hr66975,Inbound Sales Representative (Appointment Setter) - (HR66975),https://saganrecruitment.com/job/inbound-sales-representative-appointment-setter-hr66975/,,,,16,Age|academic-level|cand_cover_letter|cand_woutreg_cv_file|candidate_apply_cover|gender|industry|job_id|pt_user_fname|pt_user_lname|salary|terms_cond_check|user_email|user_job_title|user_phone|user_salary,
accounting-finance-specialist-ap00007,Accounting & Finance Specialist - (AP00007),https://saganrecruitment.com/job/accounting-finance-specialist-ap00007/,,,,16,Age|academic-level|cand_cover_letter|cand_woutreg_cv_file|candidate_apply_cover|gender|industry|job_id|pt_user_fname|pt_user_lname|salary|terms_cond_check|user_email|user_job_title|user_phone|user_salary,
client-coordinator-hr79838,Client Coordinator - (HR79838),https://saganrecruitment.com/job/client-coordinator-hr79838/,,,,16,Age|academic-level|cand_cover_letter|cand_woutreg_cv_file|candidate_apply_cover|gender|industry|job_id|pt_user_fname|pt_user_lname|salary|terms_cond_check|user_email|user_job_title|user_phone|user_salary,
software-engineer-developer-ap00005,Software Engineer/Developer – AP00005,https://saganrecruitment.com/job/software-engineer-developer-ap00005/,,,,16,Age|academic-level|cand_cover_letter|cand_woutreg_cv_file|candidate_apply_cover|gender|industry|job_id|pt_user_fname|pt_user_lname|salary|terms_cond_check|user_email|user_job_title|user_phone|user_salary,
sales-business-development-specialist-ap00003,Sales & Business Development Specialist – AP00003,https://saganrecruitment.com/job/sales-business-development-specialist-ap00003/,,,,16,Age|academic-level|cand_cover_letter|cand_woutreg_cv_file|candidate_apply_cover|gender|industry|job_id|pt_user_fname|pt_user_lname|salary|terms_cond_check|user_email|user_job_title|user_phone|user_salary,
operations-project-management-specialist-ap00004,Operations & Project Management Specialist – AP00004,https://saganrecruitment.com/job/operations-project-management-specialist-ap00004/,,,,16,Age|academic-level|cand_cover_letter|cand_woutreg_cv_file|candidate_apply_cover|gender|industry|job_id|pt_user_fname|pt_user_lname|salary|terms_cond_check|user_email|user_job_title|user_phone|user_salary,
data-analyst-ap00006,Data Analyst – (AP00006),https://saganrecruitment.com/job/data-analyst-ap00006/,,,,16,Age|academic-level|cand_cover_letter|cand_woutreg_cv_file|candidate_apply_cover|gender|industry|job_id|pt_user_fname|pt_user_lname|salary|terms_cond_check|user_email|user_job_title|user_phone|user_salary,
supply-operations-manager-hr40243,Supply Operations Manager - (HR40243),https://saganrecruitment.com/job/supply-operations-manager-hr40243/,,,,16,Age|academic-level|cand_cover_letter|cand_woutreg_cv_file|candidate_apply_cover|gender|industry|job_id|pt_user_fname|pt_user_lname|salary|terms_cond_check|user_email|user_job_title|user_phone|user_salary,
construction-operations-manager-hr48162,Construction Operations Manager - (HR48162),https://saganrecruitment.com/job/construction-operations-manager-hr48162/,,,,16,Age|academic-level|cand_cover_letter|cand_woutreg_cv_file|candidate_apply_cover|gender|industry|job_id|pt_user_fname|pt_user_lname|salary|terms_cond_check|user_email|user_job_title|user_phone|user_salary,
virtual-assistant-admin-support-specialist-ap00001,Virtual Assistant (Admin & Support Specialist) – AP00001,https://saganrecruitment.com/job/virtual-assistant-admin-support-specialist-ap00001/,,,,16,Age|academic-level|cand_cover_letter|cand_woutreg_cv_file|candidate_apply_cover|gender|industry|job_id|pt_user_fname|pt_user_lname|salary|terms_cond_check|user_email|user_job_title|user_phone|user_salary,
graphic-ui-ux-designer-ap000002,Graphic & UI/UX Designer – AP00002,https://saganrecruitment.com/job/graphic-ui-ux-designer-ap000002/,,,,16,Age|academic-level|cand_cover_letter|cand_woutreg_cv_file|candidate_apply_cover|gender|industry|job_id|pt_user_fname|pt_user_lname|salary|terms_cond_check|user_email|user_job_title|user_phone|user_salary,
senior-accountant-hr71919,Senior Accountant - (HR71919),https://saganrecruitment.com/job/senior-accountant-hr71919/,,,,16,Age|academic-level|cand_cover_letter|cand_woutreg_cv_file|candidate_apply_cover|gender|industry|job_id|pt_user_fname|pt_user_lname|salary|terms_cond_check|user_email|user_job_title|user_phone|user_salary,
trust-accounting-assistant-hr97324,Trust Accounting Assistant - (HR97324),https://saganrecruitment.com/job/trust-accounting-assistant-hr97324/,,,,16,Age|academic-level|cand_cover_letter|cand_woutreg_cv_file|candidate_apply_cover|gender|industry|job_id|pt_user_fname|pt_user_lname|salary|terms_cond_check|user_email|user_job_title|user_phone|user_salary,
real-estate-transactions-coordinator-hr89405,Real Estate Transactions Coordinator - (HR89405),https://saganrecruitment.com/job/real-estate-transactions-coordinator-hr89405/,,,,16,Age|academic-level|cand_cover_letter|cand_woutreg_cv_file|candidate_apply_cover|gender|industry|job_id|pt_user_fname|pt_user_lname|salary|terms_cond_check|user_email|user_job_title|user_phone|user_salary,
event-partnerships-sales-specialist-hr73567,Event Partnerships & Sales Specialist - (HR73567),https://saganrecruitment.com/job/event-partnerships-sales-specialist-hr73567/,,,,16,Age|academic-level|cand_cover_letter|cand_woutreg_cv_file|candidate_apply_cover|gender|industry|job_id|pt_user_fname|pt_user_lname|salary|terms_cond_check|user_email|user_job_title|user_phone|user_salary,
maintenance-coordinator-hr81486,Maintenance Coordinator - (HR81486),https://saganrecruitment.com/job/maintenance-coordinator-hr81486/,,,,16,Age|academic-level|cand_cover_letter|cand_woutreg_cv_file|candidate_apply_cover|gender|industry|job_id|pt_user_fname|pt_user_lname|salary|terms_cond_check|user_email|user_job_title|user_phone|user_salary,
tenant-operations-coordinator-hr56081,Tenant Operations Coordinator - (HR56081),https://saganrecruitment.com/job/tenant-operations-coordinator-hr56081/,,,,16,Age|academic-level|cand_cover_letter|cand_woutreg_cv_file|candidate_apply_cover|gender|industry|job_id|pt_user_fname|pt_user_lname|salary|terms_cond_check|user_email|user_job_title|user_phone|user_salary,
senior-integration-developer-celigo-netsuite-hr98972,Senior Integration Developer (Celigo / NetSuite) - (HR98972),https://saganrecruitment.com/job/senior-integration-developer-celigo-netsuite-hr98972/,,,,16,Age|academic-level|cand_cover_letter|cand_woutreg_cv_file|candidate_apply_cover|gender|industry|job_id|pt_user_fname|pt_user_lname|salary|terms_cond_check|user_email|user_job_title|user_phone|user_salary,
account-executive-full-cycle-hr67574,Client Account Executive - (HR67574),https://saganrecruitment.com/job/account-executive-full-cycle-hr67574/,,,,16,Age|academic-level|cand_cover_letter|cand_woutreg_cv_file|candidate_apply_cover|gender|industry|job_id|pt_user_fname|pt_user_lname|salary|terms_cond_check|user_email|user_job_title|user_phone|user_salary,
executive-assistant-strategic-operations-wg14194,Executive Assistant (Strategic Operations) - (WG14194),https://saganrecruitment.com/job/executive-assistant-strategic-operations-wg14194/,,,,16,Age|academic-level|cand_cover_letter|cand_woutreg_cv_file|candidate_apply_cover|gender|industry|job_id|pt_user_fname|pt_user_lname|salary|terms_cond_check|user_email|user_job_title|user_phone|user_salary,
administrative-assistant-hr67617,Administrative Assistant - (HR67617),https://saganrecruitment.com/job/administrative-assistant-hr67617/,,,,16,Age|academic-level|cand_cover_letter|cand_woutreg_cv_file|candidate_apply_cover|gender|industry|job_id|pt_user_fname|pt_user_lname|salary|terms_cond_check|user_email|user_job_title|user_phone|user_salary,
accounts-payable-specialist-hr59377,Accounts Payable Specialist - (HR59377),https://saganrecruitment.com/job/accounts-payable-specialist-hr59377/,,,,16,Age|academic-level|cand_cover_letter|cand_woutreg_cv_file|candidate_apply_cover|gender|industry|job_id|pt_user_fname|pt_user_lname|salary|terms_cond_check|user_email|user_job_title|user_phone|user_salary,
technical-support-specialist-hr67296,Technical Support Specialist - (HR67296),https://saganrecruitment.com/job/technical-support-specialist-hr67296/,,,,16,Age|academic-level|cand_cover_letter|cand_woutreg_cv_file|candidate_apply_cover|gender|industry|job_id|pt_user_fname|pt_user_lname|salary|terms_cond_check|user_email|user_job_title|user_phone|user_salary,
finance-admin-operations-manager-hr91053,Finance & Admin Operations Manager - (HR91053),https://saganrecruitment.com/job/finance-admin-operations-manager-hr91053/,,,,16,Age|academic-level|cand_cover_letter|cand_woutreg_cv_file|candidate_apply_cover|gender|industry|job_id|pt_user_fname|pt_user_lname|salary|terms_cond_check|user_email|user_job_title|user_phone|user_salary,
senior-system-engineer-wg14192,Senior System Engineer - (WG14192),https://saganrecruitment.com/job/senior-system-engineer-wg14192/,,,,16,Age|academic-level|cand_cover_letter|cand_woutreg_cv_file|candidate_apply_cover|gender|industry|job_id|pt_user_fname|pt_user_lname|salary|terms_cond_check|user_email|user_job_title|user_phone|user_salary,
staff-accountant-mortgage-lending-hr84782,Staff Accountant - Mortgage Lending - (HR84782),https://saganrecruitment.com/job/staff-accountant-mortgage-lending-hr84782/,,,,16,Age|academic-level|cand_cover_letter|cand_woutreg_cv_file|candidate_apply_cover|gender|industry|job_id|pt_user_fname|pt_user_lname|salary|terms_cond_check|user_email|user_job_title|user_phone|user_salary,
office-manager-hr35620,Office Manager - (HR35620),https://saganrecruitment.com/job/office-manager-hr35620/,,,,16,Age|academic-level|cand_cover_letter|cand_woutreg_cv_file|candidate_apply_cover|gender|industry|job_id|pt_user_fname|pt_user_lname|salary|terms_cond_check|user_email|user_job_title|user_phone|user_salary,
construction-accountant-hr80480,Construction Accountant - (HR80480),https://saganrecruitment.com/job/construction-accountant-hr80480/,,,,16,Age|academic-level|cand_cover_letter|cand_woutreg_cv_file|candidate_apply_cover|gender|industry|job_id|pt_user_fname|pt_user_lname|salary|terms_cond_check|user_email|user_job_title|user_phone|user_salary,
customer-service-booking-specialist-hr75536,Customer Service & Booking Specialist - (HR75536),https://saganrecruitment.com/job/customer-service-booking-specialist-hr75536/,,,,16,Age|academic-level|cand_cover_letter|cand_woutreg_cv_file|candidate_apply_cover|gender|industry|job_id|pt_user_fname|pt_user_lname|salary|terms_cond_check|user_email|user_job_title|user_phone|user_salary,
inside-sales-representative-hr50131,Inside Sales Representative - (HR50131),https://saganrecruitment.com/job/inside-sales-representative-hr50131/,,,,16,Age|academic-level|cand_cover_letter|cand_woutreg_cv_file|candidate_apply_cover|gender|industry|job_id|pt_user_fname|pt_user_lname|salary|terms_cond_check|user_email|user_job_title|user_phone|user_salary,
marketing-operations-campaigns-coordinator-hr37268,Marketing Operations & Campaigns Coordinator - (HR37268),https://saganrecruitment.com/job/marketing-operations-campaigns-coordinator-hr37268/,,,,16,Age|academic-level|cand_cover_letter|cand_woutreg_cv_file|candidate_apply_cover|gender|industry|job_id|pt_user_fname|pt_user_lname|salary|terms_cond_check|user_email|user_job_title|user_phone|user_salary,
regional-operations-coordinator-hr61025,Regional Operations Coordinator - (HR61025),https://saganrecruitment.com/job/regional-operations-coordinator-hr61025/,,,,16,Age|academic-level|cand_cover_letter|cand_woutreg_cv_file|candidate_apply_cover|gender|industry|job_id|pt_user_fname|pt_user_lname|salary|terms_cond_check|user_email|user_job_title|user_phone|user_salary,
leasing-coordinator-phone-based-hr68944,Leasing Coordinator (Phone-Based) - (HR68944),https://saganrecruitment.com/job/leasing-coordinator-phone-based-hr68944/,,,,16,Age|academic-level|cand_cover_letter|cand_woutreg_cv_file|candidate_apply_cover|gender|industry|job_id|pt_user_fname|pt_user_lname|salary|terms_cond_check|user_email|user_job_title|user_phone|user_salary,
senior-it-systems-administrator-team-lead-hr51458,Senior IT Systems Administrator & Team Lead - (HR51458),https://saganrecruitment.com/job/senior-it-systems-administrator-team-lead-hr51458/,,,,16,Age|academic-level|cand_cover_letter|cand_woutreg_cv_file|candidate_apply_cover|gender|industry|job_id|pt_user_fname|pt_user_lname|salary|terms_cond_check|user_email|user_job_title|user_phone|user_salary,
graphic-production-designer-hr91695,Graphic & Production Designer - (HR91695),https://saganrecruitment.com/job/graphic-production-designer-hr91695/,,,,16,Age|academic-level|cand_cover_letter|cand_woutreg_cv_file|candidate_apply_cover|gender|industry|job_id|pt_user_fname|pt_user_lname|salary|terms_cond_check|user_email|user_job_title|user_phone|user_salary,
outbound-scheduling-sales-specialist-hr88078,Outbound Scheduling & Sales Specialist - (HR88078),https://saganrecruitment.com/job/outbound-scheduling-sales-specialist-hr88078/,,,,16,Age|academic-level|cand_cover_letter|cand_woutreg_cv_file|candidate_apply_cover|gender|industry|job_id|pt_user_fname|pt_user_lname|salary|terms_cond_check|user_email|user_job_title|user_phone|user_salary,
operations-support-coordinator-hr72240,Operations Support Coordinator - (HR72240),https://saganrecruitment.com/job/operations-support-coordinator-hr72240/,,,,16,Age|academic-level|cand_cover_letter|cand_woutreg_cv_file|candidate_apply_cover|gender|industry|job_id|pt_user_fname|pt_user_lname|salary|terms_cond_check|user_email|user_job_title|user_phone|user_salary,
junior-procurement-analyst-hr73888,Junior Procurement Analyst - (HR73888),https://saganrecruitment.com/job/junior-procurement-analyst-hr73888/,,,,16,Age|academic-level|cand_cover_letter|cand_woutreg_cv_file|candidate_apply_cover|gender|industry|job_id|pt_user_fname|pt_user_lname|salary|terms_cond_check|user_email|user_job_title|user_phone|user_salary,
client-partner-customer-success-hr56402,Client Partner (Customer Success) - (HR56402),https://saganrecruitment.com/job/client-partner-customer-success-hr56402/,,,,16,Age|academic-level|cand_cover_letter|cand_woutreg_cv_file|candidate_apply_cover|gender|industry|job_id|pt_user_fname|pt_user_lname|salary|terms_cond_check|user_email|user_job_title|user_phone|user_salary,
inside-sales-closer-hr95997,Inside Sales Closer - (HR95997),https://saganrecruitment.com/job/inside-sales-closer-hr95997/,,,,16,Age|academic-level|cand_cover_letter|cand_woutreg_cv_file|candidate_apply_cover|gender|industry|job_id|pt_user_fname|pt_user_lname|salary|terms_cond_check|user_email|user_job_title|user_phone|user_salary,
senior-webflow-engineer-hr38916,Senior Webflow Engineer - (HR38916),https://saganrecruitment.com/job/senior-webflow-engineer-hr38916/,,,,16,Age|academic-level|cand_cover_letter|cand_woutreg_cv_file|candidate_apply_cover|gender|industry|job_id|pt_user_fname|pt_user_lname|salary|terms_cond_check|user_email|user_job_title|user_phone|user_salary,
legal-operations-coordinator-hr70592,Legal Operations Coordinator - (HR70592),https://saganrecruitment.com/job/legal-operations-coordinator-hr70592/,,,,16,Age|academic-level|cand_cover_letter|cand_woutreg_cv_file|candidate_apply_cover|gender|industry|job_id|pt_user_fname|pt_user_lname|salary|terms_cond_check|user_email|user_job_title|user_phone|user_salary,
regional-sourcing-manager-hr42533,Regional Sourcing Manager - (HR42533),https://saganrecruitment.com/job/regional-sourcing-manager-hr42533/,,,,16,Age|academic-level|cand_cover_letter|cand_woutreg_cv_file|candidate_apply_cover|gender|industry|job_id|pt_user_fname|pt_user_lname|salary|terms_cond_check|user_email|user_job_title|user_phone|user_salary,
customer-experience-booking-specialist-hr83455,Customer Experience & Booking Specialist - (HR83455),https://saganrecruitment.com/job/customer-experience-booking-specialist-hr83455/,,,,16,Age|academic-level|cand_cover_letter|cand_woutreg_cv_file|candidate_apply_cover|gender|industry|job_id|pt_user_fname|pt_user_lname|salary|terms_cond_check|user_email|user_job_title|user_phone|user_salary,
prepress-operator-hr99293,Prepress Operator - (HR99293),https://saganrecruitment.com/job/prepress-operator-hr99293/,,,,16,Age|academic-level|cand_cover_letter|cand_woutreg_cv_file|candidate_apply_cover|gender|industry|job_id|pt_user_fname|pt_user_lname|salary|terms_cond_check|user_email|user_job_title|user_phone|user_salary,
staff-accountant-e-commerce-multi-client-hr58050,Staff Accountant (E-commerce)/ Multi Client - (HR58050),https://saganrecruitment.com/job/staff-accountant-e-commerce-multi-client-hr58050/,,,,16,Age|academic-level|cand_cover_letter|cand_woutreg_cv_file|candidate_apply_cover|gender|industry|job_id|pt_user_fname|pt_user_lname|salary|terms_cond_check|user_email|user_job_title|user_phone|user_salary,
customer-service-representative-hr65969,Customer Service Representative - (HR65969),https://saganrecruitment.com/job/customer-service-representative-hr65969/,,,,16,Age|academic-level|cand_cover_letter|cand_woutreg_cv_file|candidate_apply_cover|gender|industry|job_id|pt_user_fname|pt_user_lname|salary|terms_cond_check|user_email|user_job_title|user_phone|user_salary,
business-systems-specialist-hr48483,Business Systems Specialist - (HR48483),https://saganrecruitment.com/job/business-systems-specialist-hr48483/,,,,16,Age|academic-level|cand_cover_letter|cand_woutreg_cv_file|candidate_apply_cover|gender|industry|job_id|pt_user_fname|pt_user_lname|salary|terms_cond_check|user_email|user_job_title|user_phone|user_salary,
organic-social-media-community-growth-manager-hr69500,Tiktok organic Social Media Growth Manager- (HR69500),https://saganrecruitment.com/job/organic-social-media-community-growth-manager-hr69500/,,,,16,Age|academic-level|cand_cover_letter|cand_woutreg_cv_file|candidate_apply_cover|gender|industry|job_id|pt_user_fname|pt_user_lname|salary|terms_cond_check|user_email|user_job_title|user_phone|user_salary,
social-growth-strategist-content-lead-hr59612,Social Growth Strategist & Content Lead - (HR59612),https://saganrecruitment.com/job/social-growth-strategist-content-lead-hr59612/,,,,16,Age|academic-level|cand_cover_letter|cand_woutreg_cv_file|candidate_apply_cover|gender|industry|job_id|pt_user_fname|pt_user_lname|salary|terms_cond_check|user_email|user_job_title|user_phone|user_salary,
sales-development-representative-sdr-hr67938,Sales Development Representative (SDR) - (HR67938),https://saganrecruitment.com/job/sales-development-representative-sdr-hr67938/,,,,16,Age|academic-level|cand_cover_letter|cand_woutreg_cv_file|candidate_apply_cover|gender|industry|job_id|pt_user_fname|pt_user_lname|salary|terms_cond_check|user_email|user_job_title|user_phone|user_salary,
bookkeeper-senior-level-hr88399,Bookkeeper (Senior-Level) - (HR88399),https://saganrecruitment.com/job/bookkeeper-senior-level-hr88399/,,,,16,Age|academic-level|cand_cover_letter|cand_woutreg_cv_file|candidate_apply_cover|gender|industry|job_id|pt_user_fname|pt_user_lname|salary|terms_cond_check|user_email|user_job_title|user_phone|user_salary,
customer-service-representative-full-time-wg14193,Customer Service Representative (Full-Time) - (WG14193),https://saganrecruitment.com/job/customer-service-representative-full-time-wg14193/,,,,16,Age|academic-level|cand_cover_letter|cand_woutreg_cv_file|candidate_apply_cover|gender|industry|job_id|pt_user_fname|pt_user_lname|salary|terms_cond_check|user_email|user_job_title|user_phone|user_salary,
property-maintenance-coordinator-hr86751,Property Maintenance Coordinator - (HR86751),https://saganrecruitment.com/job/property-maintenance-coordinator-hr86751/,,,,16,Age|academic-level|cand_cover_letter|cand_woutreg_cv_file|candidate_apply_cover|gender|industry|job_id|pt_user_fname|pt_user_lname|salary|terms_cond_check|user_email|user_job_title|user_phone|user_salary,
insurance-verification-specialist-hr72561,Insurance Verification Specialist - (HR72561),https://saganrecruitment.com/job/insurance-verification-specialist-hr72561/,,,,16,Age|academic-level|cand_cover_letter|cand_woutreg_cv_file|candidate_apply_cover|gender|industry|job_id|pt_user_fname|pt_user_lname|salary|terms_cond_check|user_email|user_job_title|user_phone|user_salary,
project-manager-hr64642,Project Manager - (HR64642),https://saganrecruitment.com/job/project-manager-hr64642/,,,,16,Age|academic-level|cand_cover_letter|cand_woutreg_cv_file|candidate_apply_cover|gender|industry|job_id|pt_user_fname|pt_user_lname|salary|terms_cond_check|user_email|user_job_title|user_phone|user_salary,
accountant-hr82128,Accountant - (HR82128),https://saganrecruitment.com/job/accountant-hr82128/,,,,16,Age|academic-level|cand_cover_letter|cand_woutreg_cv_file|candidate_apply_cover|gender|industry|job_id|pt_user_fname|pt_user_lname|salary|terms_cond_check|user_email|user_job_title|user_phone|user_salary,
demand-generation-manager-multi-location-hr64963,Multi-Location Marketing Manager - (HR64963),https://saganrecruitment.com/job/demand-generation-manager-multi-location-hr64963/,,,,16,Age|academic-level|cand_cover_letter|cand_woutreg_cv_file|candidate_apply_cover|gender|industry|job_id|pt_user_fname|pt_user_lname|salary|terms_cond_check|user_email|user_job_title|user_phone|user_salary,
email-marketing-designer-klaviyo-focus-hr85424,Email Marketing Designer (Klaviyo Focus)-(HR85424),https://saganrecruitment.com/job/email-marketing-designer-klaviyo-focus-hr85424/,,,,16,Age|academic-level|cand_cover_letter|cand_woutreg_cv_file|candidate_apply_cover|gender|industry|job_id|pt_user_fname|pt_user_lname|salary|terms_cond_check|user_email|user_job_title|user_phone|user_salary,
client-services-associate-hr95911,Client Services Associate - (HR95911),https://saganrecruitment.com/job/client-services-associate-hr95911/,,,,16,Age|academic-level|cand_cover_letter|cand_woutreg_cv_file|candidate_apply_cover|gender|industry|job_id|pt_user_fname|pt_user_lname|salary|terms_cond_check|user_email|user_job_title|user_phone|user_salary,
bilingual-client-intake-scheduling-coordinator-hr74530,Bilingual Client Intake & Scheduling Coordinator - (HR74530),https://saganrecruitment.com/job/bilingual-client-intake-scheduling-coordinator-hr74530/,,,,16,Age|academic-level|cand_cover_letter|cand_woutreg_cv_file|candidate_apply_cover|gender|industry|job_id|pt_user_fname|pt_user_lname|salary|terms_cond_check|user_email|user_job_title|user_phone|user_salary,
finance-reporting-manager-hr72882,Finance & Reporting Manager - (HR72882),https://saganrecruitment.com/job/finance-reporting-manager-hr72882/,,,,16,Age|academic-level|cand_cover_letter|cand_woutreg_cv_file|candidate_apply_cover|gender|industry|job_id|pt_user_fname|pt_user_lname|salary|terms_cond_check|user_email|user_job_title|user_phone|user_salary,
operations-systems-support-coordinator-hr73845,Operations Systems Support Coordinator - (HR73845),https://saganrecruitment.com/job/operations-systems-support-coordinator-hr73845/,,,,16,Age|academic-level|cand_cover_letter|cand_woutreg_cv_file|candidate_apply_cover|gender|industry|job_id|pt_user_fname|pt_user_lname|salary|terms_cond_check|user_email|user_job_title|user_phone|user_salary,
technical-support-specialist-hr37910,Technical Support Specialist - (HR37910),https://saganrecruitment.com/job/technical-support-specialist-hr37910/,,,,16,Age|academic-level|cand_cover_letter|cand_woutreg_cv_file|candidate_apply_cover|gender|industry|job_id|pt_user_fname|pt_user_lname|salary|terms_cond_check|user_email|user_job_title|user_phone|user_salary,
growth-creative-strategist-paid-social-hr87072,Growth Creative Strategist (Paid Social)-(HR87072),https://saganrecruitment.com/job/growth-creative-strategist-paid-social-hr87072/,,,,16,Age|academic-level|cand_cover_letter|cand_woutreg_cv_file|candidate_apply_cover|gender|industry|job_id|pt_user_fname|pt_user_lname|salary|terms_cond_check|user_email|user_job_title|user_phone|user_salary,
inbound-customer-service-booking-representative-hr85745,Inbound Customer Service & Booking Representative - (HR85745),https://saganrecruitment.com/job/inbound-customer-service-booking-representative-hr85745/,,,,16,Age|academic-level|cand_cover_letter|cand_woutreg_cv_file|candidate_apply_cover|gender|industry|job_id|pt_user_fname|pt_user_lname|salary|terms_cond_check|user_email|user_job_title|user_phone|user_salary,
operations-project-coordinator-hr42854,Operations & Project Coordinator - (HR42854),https://saganrecruitment.com/job/operations-project-coordinator-hr42854/,,,,16,Age|academic-level|cand_cover_letter|cand_woutreg_cv_file|candidate_apply_cover|gender|industry|job_id|pt_user_fname|pt_user_lname|salary|terms_cond_check|user_email|user_job_title|user_phone|user_salary,
recruiting-and-people-coordinator-hr50773,Recruiting and People Coordinator - (HR50773),https://saganrecruitment.com/job/recruiting-and-people-coordinator-hr50773/,,,,16,Age|academic-level|cand_cover_letter|cand_woutreg_cv_file|candidate_apply_cover|gender|industry|job_id|pt_user_fname|pt_user_lname|salary|terms_cond_check|user_email|user_job_title|user_phone|user_salary,
leasing-specialist-hr39558,Leasing Specialist - (HR39558),https://saganrecruitment.com/job/leasing-specialist-hr39558/,,,,16,Age|academic-level|cand_cover_letter|cand_woutreg_cv_file|candidate_apply_cover|gender|industry|job_id|pt_user_fname|pt_user_lname|salary|terms_cond_check|user_email|user_job_title|user_phone|user_salary,
personal-injury-civil-litigation-legal-assistant-hr76178,Personal Injury & Civil Litigation Legal Assistant-(HR76178),https://saganrecruitment.com/job/personal-injury-civil-litigation-legal-assistant-hr76178/,,,,16,Age|academic-level|cand_cover_letter|cand_woutreg_cv_file|candidate_apply_cover|gender|industry|job_id|pt_user_fname|pt_user_lname|salary|terms_cond_check|user_email|user_job_title|user_phone|user_salary,
ma-analyst-hr60340,M&A Analyst - (HR60340),https://saganrecruitment.com/job/ma-analyst-hr60340/,,,,16,Age|academic-level|cand_cover_letter|cand_woutreg_cv_file|candidate_apply_cover|gender|industry|job_id|pt_user_fname|pt_user_lname|salary|terms_cond_check|user_email|user_job_title|user_phone|user_salary,
dispatcher-hr52421,Dispatcher - (HR52421),https://saganrecruitment.com/job/dispatcher-hr52421/,,,,16,Age|academic-level|cand_cover_letter|cand_woutreg_cv_file|candidate_apply_cover|gender|industry|job_id|pt_user_fname|pt_user_lname|salary|terms_cond_check|user_email|user_job_title|user_phone|user_salary,
construction-operations-coordinator-hr71555,Construction Operations Coordinator - (HR71555),https://saganrecruitment.com/job/construction-operations-coordinator-hr71555/,,,,16,Age|academic-level|cand_cover_letter|cand_woutreg_cv_file|candidate_apply_cover|gender|industry|job_id|pt_user_fname|pt_user_lname|salary|terms_cond_check|user_email|user_job_title|user_phone|user_salary,
meta-ads-manager-hr41527,Meta Ads Manager - (HR41527),https://saganrecruitment.com/job/meta-ads-manager-hr41527/,,,,16,Age|academic-level|cand_cover_letter|cand_woutreg_cv_file|candidate_apply_cover|gender|industry|job_id|pt_user_fname|pt_user_lname|salary|terms_cond_check|user_email|user_job_title|user_phone|user_salary,
direct-response-funnel-market-hr47798,Direct Response Funnel Market - (HR47798),https://saganrecruitment.com/job/direct-response-funnel-market-hr47798/,,,,16,Age|academic-level|cand_cover_letter|cand_woutreg_cv_file|candidate_apply_cover|gender|industry|job_id|pt_user_fname|pt_user_lname|salary|terms_cond_check|user_email|user_job_title|user_phone|user_salary,
patient-success-coordinator-hr82770,Patient Success Coordinator - (HR82770),https://saganrecruitment.com/job/patient-success-coordinator-hr82770/,,,,16,Age|academic-level|cand_cover_letter|cand_woutreg_cv_file|candidate_apply_cover|gender|industry|job_id|pt_user_fname|pt_user_lname|salary|terms_cond_check|user_email|user_job_title|user_phone|user_salary,
executive-assistant-strategic-operations-wg14190,Executive Assistant (Strategic Operations) - (WG14190),https://saganrecruitment.com/job/executive-assistant-strategic-operations-wg14190/,,,,16,Age|academic-level|cand_cover_letter|cand_woutreg_cv_file|candidate_apply_cover|gender|industry|job_id|pt_user_fname|pt_user_lname|salary|terms_cond_check|user_email|user_job_title|user_phone|user_salary,
medical-billing-denials-specialist-hr96960,Medical Billing & Denials Specialist - (HR96960),https://saganrecruitment.com/job/medical-billing-denials-specialist-hr96960/,,,,16,Age|academic-level|cand_cover_letter|cand_woutreg_cv_file|candidate_apply_cover|gender|industry|job_id|pt_user_fname|pt_user_lname|salary|terms_cond_check|user_email|user_job_title|user_phone|user_salary,
cold-outbound-specialist-e-commerce-agency-hr63636,Cold Outbound Specialist (E-commerce Agency) - (HR63636),https://saganrecruitment.com/job/cold-outbound-specialist-e-commerce-agency-hr63636/,,,,16,Age|academic-level|cand_cover_letter|cand_woutreg_cv_file|candidate_apply_cover|gender|industry|job_id|pt_user_fname|pt_user_lname|salary|terms_cond_check|user_email|user_job_title|user_phone|user_salary,
assistant-property-manager-hr39879,Assistant Property Manager - (HR39879),https://saganrecruitment.com/job/assistant-property-manager-hr39879/,,,,16,Age|academic-level|cand_cover_letter|cand_woutreg_cv_file|candidate_apply_cover|gender|industry|job_id|pt_user_fname|pt_user_lname|salary|terms_cond_check|user_email|user_job_title|user_phone|user_salary,
full-charge-bookkeeper-hr81122,Full Charge Bookkeeper - (HR81122),https://saganrecruitment.com/job/full-charge-bookkeeper-hr81122/,,,,16,Age|academic-level|cand_cover_letter|cand_woutreg_cv_file|candidate_apply_cover|gender|industry|job_id|pt_user_fname|pt_user_lname|salary|terms_cond_check|user_email|user_job_title|user_phone|user_salary,
senior-medical-writer-wg14189,Senior Medical Writer - (WG14189),https://saganrecruitment.com/job/senior-medical-writer-wg14189/,,,,16,Age|academic-level|cand_cover_letter|cand_woutreg_cv_file|candidate_apply_cover|gender|industry|job_id|pt_user_fname|pt_user_lname|salary|terms_cond_check|user_email|user_job_title|user_phone|user_salary,
podcast-thought-leadership-video-editor-hr90689,Podcast & Thought Leadership Video Editor - (HR90689),https://saganrecruitment.com/job/podcast-thought-leadership-video-editor-hr90689/,,,,16,Age|academic-level|cand_cover_letter|cand_woutreg_cv_file|candidate_apply_cover|gender|industry|job_id|pt_user_fname|pt_user_lname|salary|terms_cond_check|user_email|user_job_title|user_phone|user_salary,
night-dispatch-logistics-coordinator-hr86066,Night Dispatch & Logistics Coordinator - (HR86066),https://saganrecruitment.com/job/night-dispatch-logistics-coordinator-hr86066/,,,,16,Age|academic-level|cand_cover_letter|cand_woutreg_cv_file|candidate_apply_cover|gender|industry|job_id|pt_user_fname|pt_user_lname|salary|terms_cond_check|user_email|user_job_title|user_phone|user_salary,
accounting-systems-implementation-manager-hr38552,Accounting Systems Implementation Manager - (HR38552),https://saganrecruitment.com/job/accounting-systems-implementation-manager-hr38552/,,,,16,Age|academic-level|cand_cover_letter|cand_woutreg_cv_file|candidate_apply_cover|gender|industry|job_id|pt_user_fname|pt_user_lname|salary|terms_cond_check|user_email|user_job_title|user_phone|user_salary,
senior-leasing-coordinator-hr36904,Senior Leasing Coordinator - (HR36904),https://saganrecruitment.com/job/senior-leasing-coordinator-hr36904/,,,,16,Age|academic-level|cand_cover_letter|cand_woutreg_cv_file|candidate_apply_cover|gender|industry|job_id|pt_user_fname|pt_user_lname|salary|terms_cond_check|user_email|user_job_title|user_phone|user_salary,
architectural-drafter-revit-hr54026,Architectural Drafter (Revit) - (HR54026),https://saganrecruitment.com/job/architectural-drafter-revit-hr54026/,,,,16,Age|academic-level|cand_cover_letter|cand_woutreg_cv_file|candidate_apply_cover|gender|industry|job_id|pt_user_fname|pt_user_lname|salary|terms_cond_check|user_email|user_job_title|user_phone|user_salary,
senior-cost-segregation-engineer-wg14188,Senior Cost Segregation Engineer - (WG14188),https://saganrecruitment.com/job/senior-cost-segregation-engineer-wg14188/,,,,16,Age|academic-level|cand_cover_letter|cand_woutreg_cv_file|candidate_apply_cover|gender|industry|job_id|pt_user_fname|pt_user_lname|salary|terms_cond_check|user_email|user_job_title|user_phone|user_salary,
it-systems-administrator-hr89362,IT Systems Administrator - (HR89362),https://saganrecruitment.com/job/it-systems-administrator-hr89362/,,,,16,Age|academic-level|cand_cover_letter|cand_woutreg_cv_file|candidate_apply_cover|gender|industry|job_id|pt_user_fname|pt_user_lname|salary|terms_cond_check|user_email|user_job_title|user_phone|user_salary,
human-resource-director-hr51415,Human Resource Director - (HR51415),https://saganrecruitment.com/job/human-resource-director-hr51415/,,,,16,Age|academic-level|cand_cover_letter|cand_woutreg_cv_file|candidate_apply_cover|gender|industry|job_id|pt_user_fname|pt_user_lname|salary|terms_cond_check|user_email|user_job_title|user_phone|user_salary,
tenant-operations-coordinator-hr35577,Tenant Operations Coordinator - (HR35577),https://saganrecruitment.com/job/tenant-operations-coordinator-hr35577/,,,,16,Age|academic-level|cand_cover_letter|cand_woutreg_cv_file|candidate_apply_cover|gender|industry|job_id|pt_user_fname|pt_user_lname|salary|terms_cond_check|user_email|user_job_title|user_phone|user_salary,
controller-hr68901,Controller - (HR68901),https://saganrecruitment.com/job/controller-hr68901/,,,,16,Age|academic-level|cand_cover_letter|cand_woutreg_cv_file|candidate_apply_cover|gender|industry|job_id|pt_user_fname|pt_user_lname|salary|terms_cond_check|user_email|user_job_title|user_phone|user_salary,
hr-admin-coordinator-hr54711,HR & Admin Coordinator - (HR54711),https://saganrecruitment.com/job/hr-admin-coordinator-hr54711/,,,,16,Age|academic-level|cand_cover_letter|cand_woutreg_cv_file|candidate_apply_cover|gender|industry|job_id|pt_user_fname|pt_user_lname|salary|terms_cond_check|user_email|user_job_title|user_phone|user_salary,
performance-marketing-specialist-meta-ads-focus-hr97602,Performance Marketing Specialist (Meta Ads Focus) - (HR97602),https://saganrecruitment.com/job/performance-marketing-specialist-meta-ads-focus-hr97602/,,,,16,Age|academic-level|cand_cover_letter|cand_woutreg_cv_file|candidate_apply_cover|gender|industry|job_id|pt_user_fname|pt_user_lname|salary|terms_cond_check|user_email|user_job_title|user_phone|user_salary,
project-manager-hr80437,Project Manager (Branding & Web Design) - (HR80437),https://saganrecruitment.com/job/project-manager-hr80437/,,,,16,Age|academic-level|cand_cover_letter|cand_woutreg_cv_file|candidate_apply_cover|gender|industry|job_id|pt_user_fname|pt_user_lname|salary|terms_cond_check|user_email|user_job_title|user_phone|user_salary,
property-onboarding-rent-ready-coordinator-hr57001,Property Onboarding & Rent-Ready Coordinator - (HR57001),https://saganrecruitment.com/job/property-onboarding-rent-ready-coordinator-hr57001/,,,,16,Age|academic-level|cand_cover_letter|cand_woutreg_cv_file|candidate_apply_cover|gender|industry|job_id|pt_user_fname|pt_user_lname|salary|terms_cond_check|user_email|user_job_title|user_phone|user_salary,
revenue-cycle-specialist-wg14186,Revenue Cycle Specialist  - (WG14186),https://saganrecruitment.com/job/revenue-cycle-specialist-wg14186/,,,,16,Age|academic-level|cand_cover_letter|cand_woutreg_cv_file|candidate_apply_cover|gender|industry|job_id|pt_user_fname|pt_user_lname|salary|terms_cond_check|user_email|user_job_title|user_phone|user_salary,
construction-estimator-hr39515,Construction Estimator - (HR39515),https://saganrecruitment.com/job/construction-estimator-hr39515/,,,,16,Age|academic-level|cand_cover_letter|cand_woutreg_cv_file|candidate_apply_cover|gender|industry|job_id|pt_user_fname|pt_user_lname|salary|terms_cond_check|user_email|user_job_title|user_phone|user_salary,
signage-operations-project-manager-hr31118a,Signage Project Manager - (HR31118),https://saganrecruitment.com/job/signage-operations-project-manager-hr31118a/,,,,16,Age|academic-level|cand_cover_letter|cand_woutreg_cv_file|candidate_apply_cover|gender|industry|job_id|pt_user_fname|pt_user_lname|salary|terms_cond_check|user_email|user_job_title|user_phone|user_salary,
civil-law-legal-associate-hr31727,Property Law Research Associate - (HR31727),https://saganrecruitment.com/job/civil-law-legal-associate-hr31727/,,,,16,Age|academic-level|cand_cover_letter|cand_woutreg_cv_file|candidate_apply_cover|gender|industry|job_id|pt_user_fname|pt_user_lname|salary|terms_cond_check|user_email|user_job_title|user_phone|user_salary,
senior-autocad-mep-designer-wg14184,Senior AutoCAD MEP Designer - (WG14184),https://saganrecruitment.com/job/senior-autocad-mep-designer-wg14184/,,,,16,Age|academic-level|cand_cover_letter|cand_woutreg_cv_file|candidate_apply_cover|gender|industry|job_id|pt_user_fname|pt_user_lname|salary|terms_cond_check|user_email|user_job_title|user_phone|user_salary,
account-management-professionals-ap00013,Account Management Professionals - (AP00013),https://saganrecruitment.com/job/account-management-professionals-ap00013/,,,,16,Age|academic-level|cand_cover_letter|cand_woutreg_cv_file|candidate_apply_cover|gender|industry|job_id|pt_user_fname|pt_user_lname|salary|terms_cond_check|user_email|user_job_title|user_phone|user_salary,
inbound-sales-support-specialist-hr31959,Inbound Sales & Support Specialist - (HR31959),https://saganrecruitment.com/job/inbound-sales-support-specialist-hr31959/,,,,16,Age|academic-level|cand_cover_letter|cand_woutreg_cv_file|candidate_apply_cover|gender|industry|job_id|pt_user_fname|pt_user_lname|salary|terms_cond_check|user_email|user_job_title|user_phone|user_salary,
sales-development-representative-sl-00004,Sales Development Representative – (SL 00004),https://saganrecruitment.com/job/sales-development-representative-sl-00004/,,,,16,Age|academic-level|cand_cover_letter|cand_woutreg_cv_file|candidate_apply_cover|gender|industry|job_id|pt_user_fname|pt_user_lname|salary|terms_cond_check|user_email|user_job_title|user_phone|user_salary,
executive-virtual-assistant-bilingual-spanish-english-sp00001,Executive/Virtual Assistant (Bilingual – Spanish & English) - (SP00001),https://saganrecruitment.com/job/executive-virtual-assistant-bilingual-spanish-english-sp00001/,,,,16,Age|academic-level|cand_cover_letter|cand_woutreg_cv_file|candidate_apply_cover|gender|industry|job_id|pt_user_fname|pt_user_lname|salary|terms_cond_check|user_email|user_job_title|user_phone|user_salary,
digital-project-manager-hr82727,Digital Project Manager - (HR82727),https://saganrecruitment.com/job/digital-project-manager-hr82727/,,,,16,Age|academic-level|cand_cover_letter|cand_woutreg_cv_file|candidate_apply_cover|gender|industry|job_id|pt_user_fname|pt_user_lname|salary|terms_cond_check|user_email|user_job_title|user_phone|user_salary,
email-marketing-specialist-klaviyo-sms-hr89319,Email Marketing Specialist (Klaviyo/SMS) - (HR89319),https://saganrecruitment.com/job/email-marketing-specialist-klaviyo-sms-hr89319/,,,,16,Age|academic-level|cand_cover_letter|cand_woutreg_cv_file|candidate_apply_cover|gender|industry|job_id|pt_user_fname|pt_user_lname|salary|terms_cond_check|user_email|user_job_title|user_phone|user_salary,
construction-project-coordinator-hr55310,Construction Project Coordinator - (HR55310),https://saganrecruitment.com/job/construction-project-coordinator-hr55310/,,,,16,Age|academic-level|cand_cover_letter|cand_woutreg_cv_file|candidate_apply_cover|gender|industry|job_id|pt_user_fname|pt_user_lname|salary|terms_cond_check|user_email|user_job_title|user_phone|user_salary,
sales-operations-specialist-hr31531,Sales Operations Specialist - (HR31531),https://saganrecruitment.com/job/sales-operations-specialist-hr31531/,,,,16,Age|academic-level|cand_cover_letter|cand_woutreg_cv_file|candidate_apply_cover|gender|industry|job_id|pt_user_fname|pt_user_lname|salary|terms_cond_check|user_email|user_job_title|user_phone|user_salary,
tenant-operations-coordinator-hr83369,Tenant Operations Coordinator - (HR83369),https://saganrecruitment.com/job/tenant-operations-coordinator-hr83369/,,,,16,Age|academic-level|cand_cover_letter|cand_woutreg_cv_file|candidate_apply_cover|gender|industry|job_id|pt_user_fname|pt_user_lname|salary|terms_cond_check|user_email|user_job_title|user_phone|user_salary,
social-media-manager-content-creator-hr60254,Social Media Manager & Content Creator - (HR60254),https://saganrecruitment.com/job/social-media-manager-content-creator-hr60254/,,,,16,Age|academic-level|cand_cover_letter|cand_woutreg_cv_file|candidate_apply_cover|gender|industry|job_id|pt_user_fname|pt_user_lname|salary|terms_cond_check|user_email|user_job_title|user_phone|user_salary,
technical-operations-specialist-hr56273,Technical Operations Specialist - (HR56273),https://saganrecruitment.com/job/technical-operations-specialist-hr56273/,,,,16,Age|academic-level|cand_cover_letter|cand_woutreg_cv_file|candidate_apply_cover|gender|industry|job_id|pt_user_fname|pt_user_lname|salary|terms_cond_check|user_email|user_job_title|user_phone|user_salary,
customer-service-representative-csr-scheduler-hr59440,Appointment Setter & Scheduler - (HR59440),https://saganrecruitment.com/job/customer-service-representative-csr-scheduler-hr59440/,,,,16,Age|academic-level|cand_cover_letter|cand_woutreg_cv_file|candidate_apply_cover|gender|industry|job_id|pt_user_fname|pt_user_lname|salary|terms_cond_check|user_email|user_job_title|user_phone|user_salary,
executive-assistant-hr39108,Executive Assistant - (HR39108),https://saganrecruitment.com/job/executive-assistant-hr39108/,,,,16,Age|academic-level|cand_cover_letter|cand_woutreg_cv_file|candidate_apply_cover|gender|industry|job_id|pt_user_fname|pt_user_lname|salary|terms_cond_check|user_email|user_job_title|user_phone|user_salary,
sr-executive-and-operations-assistant-hr77654,Sr Executive and Operations Assistant - (HR77654),https://saganrecruitment.com/job/sr-executive-and-operations-assistant-hr77654/,,,,16,Age|academic-level|cand_cover_letter|cand_woutreg_cv_file|candidate_apply_cover|gender|industry|job_id|pt_user_fname|pt_user_lname|salary|terms_cond_check|user_email|user_job_title|user_phone|user_salary,
outbound-sales-lead-player-coach-hr41954,Outbound Call Center Manager (Home Services) - (HR41954),https://saganrecruitment.com/job/outbound-sales-lead-player-coach-hr41954/,,,,16,Age|academic-level|cand_cover_letter|cand_woutreg_cv_file|candidate_apply_cover|gender|industry|job_id|pt_user_fname|pt_user_lname|salary|terms_cond_check|user_email|user_job_title|user_phone|user_salary,
dispatch-assistant-hr92721,Field Services Dispatcher (Home Services) – LATAM - (HR92721),https://saganrecruitment.com/job/dispatch-assistant-hr92721/,,,,16,Age|academic-level|cand_cover_letter|cand_woutreg_cv_file|candidate_apply_cover|gender|industry|job_id|pt_user_fname|pt_user_lname|salary|terms_cond_check|user_email|user_job_title|user_phone|user_salary,
sales-representative-hr54946,Sales Representative - (HR54946),https://saganrecruitment.com/job/sales-representative-hr54946/,,,,16,Age|academic-level|cand_cover_letter|cand_woutreg_cv_file|candidate_apply_cover|gender|industry|job_id|pt_user_fname|pt_user_lname|salary|terms_cond_check|user_email|user_job_title|user_phone|user_salary,
real-estate-valuation-analyst-underwriter-hr80715,Real Estate Valuation Analyst/Underwriter - (HR80715),https://saganrecruitment.com/job/real-estate-valuation-analyst-underwriter-hr80715/,,,,16,Age|academic-level|cand_cover_letter|cand_woutreg_cv_file|candidate_apply_cover|gender|industry|job_id|pt_user_fname|pt_user_lname|salary|terms_cond_check|user_email|user_job_title|user_phone|user_salary,
commercial-property-accountant-ap00040,Commercial Property Accountant - (AP00040),https://saganrecruitment.com/job/commercial-property-accountant-ap00040/,,,,16,Age|academic-level|cand_cover_letter|cand_woutreg_cv_file|candidate_apply_cover|gender|industry|job_id|pt_user_fname|pt_user_lname|salary|terms_cond_check|user_email|user_job_title|user_phone|user_salary,
senior-commercial-leasing-specialist-commercial-leasing-manager-hr79388,Senior Commercial Leasing Specialist / Commercial Leasing Manager - (HR79388),https://saganrecruitment.com/job/senior-commercial-leasing-specialist-commercial-leasing-manager-hr79388/,,,,16,Age|academic-level|cand_cover_letter|cand_woutreg_cv_file|candidate_apply_cover|gender|industry|job_id|pt_user_fname|pt_user_lname|salary|terms_cond_check|user_email|user_job_title|user_phone|user_salary,
property-bookkeeper-ap00036,Property Bookkeeper - (AP00036),https://saganrecruitment.com/job/property-bookkeeper-ap00036/,,,,16,Age|academic-level|cand_cover_letter|cand_woutreg_cv_file|candidate_apply_cover|gender|industry|job_id|pt_user_fname|pt_user_lname|salary|terms_cond_check|user_email|user_job_title|user_phone|user_salary,
autocad-designer-ap00037,AutoCAD Designer - (AP00037),https://saganrecruitment.com/job/autocad-designer-ap00037/,,,,16,Age|academic-level|cand_cover_letter|cand_woutreg_cv_file|candidate_apply_cover|gender|industry|job_id|pt_user_fname|pt_user_lname|salary|terms_cond_check|user_email|user_job_title|user_phone|user_salary,
senior-accountant-multi-entity-ap00038,Senior Accountant - Multi-Entity (AP00038),https://saganrecruitment.com/job/senior-accountant-multi-entity-ap00038/,,,,16,Age|academic-level|cand_cover_letter|cand_woutreg_cv_file|candidate_apply_cover|gender|industry|job_id|pt_user_fname|pt_user_lname|salary|terms_cond_check|user_email|user_job_title|user_phone|user_salary,
executive-assistant-latam-ap00039,Executive Assistant - LATAM - (AP00039),https://saganrecruitment.com/job/executive-assistant-latam-ap00039/,,,,16,Age|academic-level|cand_cover_letter|cand_woutreg_cv_file|candidate_apply_cover|gender|industry|job_id|pt_user_fname|pt_user_lname|salary|terms_cond_check|user_email|user_job_title|user_phone|user_salary,
appointment-setter-ap00042,Appointment Setter - (AP00042),https://saganrecruitment.com/job/appointment-setter-ap00042/,,,,16,Age|academic-level|cand_cover_letter|cand_woutreg_cv_file|candidate_apply_cover|gender|industry|job_id|pt_user_fname|pt_user_lname|salary|terms_cond_check|user_email|user_job_title|user_phone|user_salary,
business-development-representative-ap00041,Business Development Representative - (AP00041),https://saganrecruitment.com/job/business-development-representative-ap00041/,,,,16,Age|academic-level|cand_cover_letter|cand_woutreg_cv_file|candidate_apply_cover|gender|industry|job_id|pt_user_fname|pt_user_lname|salary|terms_cond_check|user_email|user_job_title|user_phone|user_salary,
us-tax-associate-ap00034,US Tax Associate - (AP00034),https://saganrecruitment.com/job/us-tax-associate-ap00034/,,,,16,Age|academic-level|cand_cover_letter|cand_woutreg_cv_file|candidate_apply_cover|gender|industry|job_id|pt_user_fname|pt_user_lname|salary|terms_cond_check|user_email|user_job_title|user_phone|user_salary,
property-management-accountant-ap00032,Property Management Accountant - (AP00032),https://saganrecruitment.com/job/property-management-accountant-ap00032/,,,,16,Age|academic-level|cand_cover_letter|cand_woutreg_cv_file|candidate_apply_cover|gender|industry|job_id|pt_user_fname|pt_user_lname|salary|terms_cond_check|user_email|user_job_title|user_phone|user_salary,
property-management-coordinator-ap00031,Property Management Coordinator - (AP00031),https://saganrecruitment.com/job/property-management-coordinator-ap00031/,,,,16,Age|academic-level|cand_cover_letter|cand_woutreg_cv_file|candidate_apply_cover|gender|industry|job_id|pt_user_fname|pt_user_lname|salary|terms_cond_check|user_email|user_job_title|user_phone|user_salary,
us-payroll-specialist-ap00035,US Payroll Specialist - (AP00035),https://saganrecruitment.com/job/us-payroll-specialist-ap00035/,,,,16,Age|academic-level|cand_cover_letter|cand_woutreg_cv_file|candidate_apply_cover|gender|industry|job_id|pt_user_fname|pt_user_lname|salary|terms_cond_check|user_email|user_job_title|user_phone|user_salary,
real-estate-valuation-analyst-underwriter-ap00033,Real Estate Valuation Analyst / Underwriter - (AP00033),https://saganrecruitment.com/job/real-estate-valuation-analyst-underwriter-ap00033/,,,,16,Age|academic-level|cand_cover_letter|cand_woutreg_cv_file|candidate_apply_cover|gender|industry|job_id|pt_user_fname|pt_user_lname|salary|terms_cond_check|user_email|user_job_title|user_phone|user_salary,
construction-accountant-ap00030,Construction Accountant - (AP00030),https://saganrecruitment.com/job/construction-accountant-ap00030/,,,,16,Age|academic-level|cand_cover_letter|cand_woutreg_cv_file|candidate_apply_cover|gender|industry|job_id|pt_user_fname|pt_user_lname|salary|terms_cond_check|user_email|user_job_title|user_phone|user_salary,
electrical-estimator-ap00029,Electrical Estimator - (AP00029),https://saganrecruitment.com/job/electrical-estimator-ap00029/,,,,16,Age|academic-level|cand_cover_letter|cand_woutreg_cv_file|candidate_apply_cover|gender|industry|job_id|pt_user_fname|pt_user_lname|salary|terms_cond_check|user_email|user_job_title|user_phone|user_salary,
ma-analyst-ap00028,M&A Analyst - (AP00028),https://saganrecruitment.com/job/ma-analyst-ap00028/,,,,16,Age|academic-level|cand_cover_letter|cand_woutreg_cv_file|candidate_apply_cover|gender|industry|job_id|pt_user_fname|pt_user_lname|salary|terms_cond_check|user_email|user_job_title|user_phone|user_salary,
performance-marketing-manager-ap00027,Performance Marketing Manager - (AP00027),https://saganrecruitment.com/job/performance-marketing-manager-ap00027/,,,,16,Age|academic-level|cand_cover_letter|cand_woutreg_cv_file|candidate_apply_cover|gender|industry|job_id|pt_user_fname|pt_user_lname|salary|terms_cond_check|user_email|user_job_title|user_phone|user_salary,
paid-media-buyer-paid-ads-specialist-ap00026,Paid Media Buyer / Paid Ads Specialist - (AP00026),https://saganrecruitment.com/job/paid-media-buyer-paid-ads-specialist-ap00026/,,,,16,Age|academic-level|cand_cover_letter|cand_woutreg_cv_file|candidate_apply_cover|gender|industry|job_id|pt_user_fname|pt_user_lname|salary|terms_cond_check|user_email|user_job_title|user_phone|user_salary,
financial-analyst-loan-support-specialist-hr75086,Financial Analyst / Loan Processor / Underwriter - (HR75086),https://saganrecruitment.com/job/financial-analyst-loan-support-specialist-hr75086/,,,,16,Age|academic-level|cand_cover_letter|cand_woutreg_cv_file|candidate_apply_cover|gender|industry|job_id|pt_user_fname|pt_user_lname|salary|terms_cond_check|user_email|user_job_title|user_phone|user_salary,
bookkeeper-hr86622,Bookkeeper - (HR86622),https://saganrecruitment.com/job/bookkeeper-hr86622/,,,,16,Age|academic-level|cand_cover_letter|cand_woutreg_cv_file|candidate_apply_cover|gender|industry|job_id|pt_user_fname|pt_user_lname|salary|terms_cond_check|user_email|user_job_title|user_phone|user_salary,
customer-service-representative-hr78703,Customer Service Representative - (HR78703),https://saganrecruitment.com/job/customer-service-representative-hr78703/,,,,16,Age|academic-level|cand_cover_letter|cand_woutreg_cv_file|candidate_apply_cover|gender|industry|job_id|pt_user_fname|pt_user_lname|salary|terms_cond_check|user_email|user_job_title|user_phone|user_salary,
accountant-hr70784,Accountant - (HR70784),https://saganrecruitment.com/job/accountant-hr70784/,,,,16,Age|academic-level|cand_cover_letter|cand_woutreg_cv_file|candidate_apply_cover|gender|industry|job_id|pt_user_fname|pt_user_lname|salary|terms_cond_check|user_email|user_job_title|user_phone|user_salary,
operations-coordinator-hr62865,Operations Coordinator - (HR62865),https://saganrecruitment.com/job/operations-coordinator-hr62865/,,,,16,Age|academic-level|cand_cover_letter|cand_woutreg_cv_file|candidate_apply_cover|gender|industry|job_id|pt_user_fname|pt_user_lname|salary|terms_cond_check|user_email|user_job_title|user_phone|user_salary,
private-office-director-strategic-operations-executive-support-hr92529,Private Office Director (Strategic Operations & Executive Support) - (HR92529),https://saganrecruitment.com/job/private-office-director-strategic-operations-executive-support-hr92529/,,,,16,Age|academic-level|cand_cover_letter|cand_woutreg_cv_file|candidate_apply_cover|gender|industry|job_id|pt_user_fname|pt_user_lname|salary|terms_cond_check|user_email|user_job_title|user_phone|user_salary,
